name,size,total perp,key perp,value perp,other perp
/workspace/llm_tg/runs/LR0.0005-k2000-linear_Standard/16.09.24_shuffle-False_wl-1/adult/NonDP/GPT2/entire/ts30932-bs32-epoch10/eval.txt,16858,1.334547693355404,1.0000471928654944,2.466066052969612,1.0004724778102636
/workspace/llm_tg/runs/LR0.0005-k2000-linear_Standard/16.09.24_shuffle-False_wl-1/adult/DP/GPT2/entire/ts30932-bs32-epoch10-mbs32-eps1-clip1/eval.txt,16858,1.4531751558680162,1.0002313377707064,3.186477630812163,1.00937312691289
/workspace/llm_tg/runs/LR0.0005-k2000-linear_Standard/16.09.24_shuffle-False_wl-1/adult/DP/GPT2/entire/ts30932-bs32-epoch10-mbs32-eps8-clip1/eval.txt,16858,1.4123578343287069,1.000106122816706,2.929841455611239,1.0048676697550505
/workspace/llm_tg/runs/LR0.0005-k2000-linear_Standard/16.09.24_shuffle-False_wl-1/airline/NonDP/GPT2/entire/ts103904-bs32-epoch10/eval.txt,24976,1.2377803850087787,1.0000000138060487,2.9010487166428702,1.0024162319559569
/workspace/llm_tg/runs/LR0.0005-k2000-linear_Standard/16.09.24_shuffle-False_wl-1/airline/DP/GPT2/entire/ts103904-bs32-epoch10-mbs32-eps1-clip1/eval.txt,24976,1.3081285309208082,1.0000029984436811,3.808620466190864,1.005818285704814
/workspace/llm_tg/runs/LR0.0005-k2000-linear_Standard/16.09.24_shuffle-False_wl-1/airline/DP/GPT2/entire/ts103904-bs32-epoch10-mbs32-eps8-clip1/eval.txt,24976,1.2958441120528863,1.0000010334925602,3.639990606582338,1.0043797515395292
/workspace/llm_tg/runs/LR0.0005-k2000-linear_Standard/16.09.24_shuffle-True_wl-1/adult/NonDP/GPT2/entire/ts30932-bs32-epoch10/eval.txt,16858,1.702611624548119,2.1886170978475805,2.3980404120820324,1.0097983709528966
/workspace/llm_tg/runs/LR0.0005-k2000-linear_Standard/16.09.24_shuffle-True_wl-1/airline/NonDP/GPT2/entire/ts103904-bs32-epoch10/eval.txt,24976,1.6214135516004908,1.6790950630549466,2.859785663828278,1.0025728115885408
/workspace/llm_tg/runs/LR0.0005-k5000-linear_Standard/16.09.24_shuffle-False_wl-1/adult/NonDP/GPT2/entire/ts30932-bs32-epoch10/eval.txt,16858,1.3379971685588652,1.0000533695763991,2.4860706718951,1.0004669801930648
/workspace/llm_tg/runs/LR0.0005-k5000-linear_Standard/16.09.24_shuffle-False_wl-1/adult/DP/GPT2/entire/ts30932-bs32-epoch10-mbs32-eps1-clip1/eval.txt,16858,1.456230971637642,1.0001855040788794,3.213312224719656,1.007802633807561
/workspace/llm_tg/runs/LR0.0005-k5000-linear_Standard/16.09.24_shuffle-False_wl-1/adult/DP/GPT2/entire/ts30932-bs32-epoch10-mbs32-eps8-clip1/eval.txt,16858,1.414167835128544,1.0001072329261074,2.9436853683687705,1.0042415241392406
/workspace/llm_tg/runs/LR0.0005-k5000-linear_Standard/16.09.24_shuffle-False_wl-1/airline/NonDP/GPT2/entire/ts103904-bs32-epoch10/eval.txt,24976,1.2378824787794565,1.0000000057018608,2.901839050299269,1.0025190994590445
/workspace/llm_tg/runs/LR0.0005-k5000-linear_Standard/16.09.24_shuffle-False_wl-1/airline/DP/GPT2/entire/ts103904-bs32-epoch10-mbs32-eps1-clip1/eval.txt,24976,1.3079375950131154,1.0000075230419625,3.8058328779312713,1.005810364651779
/workspace/llm_tg/runs/LR0.0005-k5000-linear_Standard/16.09.24_shuffle-False_wl-1/airline/DP/GPT2/entire/ts103904-bs32-epoch10-mbs32-eps8-clip1/eval.txt,24976,1.2963899157528511,1.0000013658007223,3.6466782534245046,1.0045791774287989
/workspace/llm_tg/runs/LR0.0005-k5000-linear_Standard/16.09.24_shuffle-True_wl-1/adult/NonDP/GPT2/entire/ts30932-bs32-epoch10/eval.txt,16858,1.7025519532598807,2.1872716409286475,2.3981903548995094,1.0101894802583766
/workspace/llm_tg/runs/LR0.0005-k5000-linear_Standard/16.09.24_shuffle-True_wl-1/airline/NonDP/GPT2/entire/ts103904-bs32-epoch10/eval.txt,24976,1.6218706444477655,1.679067040366649,2.8639136878190823,1.0025824655860085
/workspace/llm_tg/runs/LR0.0005-k1000-linear_Standard/16.09.24_shuffle-False_wl-1/adult/NonDP/GPT2/entire/ts30932-bs32-epoch10/eval.txt,16858,1.3383158908944128,1.0000513522915646,2.4876939356798564,1.0005505446256535
/workspace/llm_tg/runs/LR0.0005-k1000-linear_Standard/16.09.24_shuffle-False_wl-1/adult/DP/GPT2/entire/ts30932-bs32-epoch10-mbs32-eps1-clip1/eval.txt,16858,1.4571766838186342,1.000264721157328,3.224078023239888,1.0065664510323575
/workspace/llm_tg/runs/LR0.0005-k1000-linear_Standard/16.09.24_shuffle-False_wl-1/adult/DP/GPT2/entire/ts30932-bs32-epoch10-mbs32-eps8-clip1/eval.txt,16858,1.4170675474866126,1.000109048663041,2.966280715378648,1.0031461188225783
/workspace/llm_tg/runs/LR0.0005-k1000-linear_Standard/16.09.24_shuffle-False_wl-1/airline/NonDP/GPT2/entire/ts103904-bs32-epoch10/eval.txt,24976,1.2375719259063855,1.0000000080652385,2.898126871498922,1.0025363071202884
/workspace/llm_tg/runs/LR0.0005-k1000-linear_Standard/16.09.24_shuffle-False_wl-1/airline/DP/GPT2/entire/ts103904-bs32-epoch10-mbs32-eps1-clip1/eval.txt,24976,1.306455535248246,1.0000080885865534,3.789572958568285,1.0047859255953462
/workspace/llm_tg/runs/LR0.0005-k1000-linear_Standard/16.09.24_shuffle-False_wl-1/airline/DP/GPT2/entire/ts103904-bs32-epoch10-mbs32-eps8-clip1/eval.txt,24976,1.2962965372812043,1.000002790262015,3.6485445401521104,1.003937872480472
/workspace/llm_tg/runs/LR0.0005-k1000-linear_Standard/16.09.24_shuffle-True_wl-1/adult/NonDP/GPT2/entire/ts30932-bs32-epoch10/eval.txt,16858,1.7020680638961003,2.1883817755521533,2.3954891057277794,1.0099480599913553
/workspace/llm_tg/runs/LR0.0005-k1000-linear_Standard/16.09.24_shuffle-True_wl-1/airline/NonDP/GPT2/entire/ts103904-bs32-epoch10/eval.txt,24976,1.6220690738613084,1.6789934830349589,2.865799889137728,1.0026334591521535
/workspace/llm_tg/runs/LR0.0005-k3000-linear_Standard/16.09.24_shuffle-False_wl-1/adult/NonDP/GPT2/entire/ts30932-bs32-epoch10/eval.txt,16858,1.3379219257514523,1.000049396713966,2.485352540587041,1.0005700849369754
/workspace/llm_tg/runs/LR0.0005-k3000-linear_Standard/16.09.24_shuffle-False_wl-1/adult/DP/GPT2/entire/ts30932-bs32-epoch10-mbs32-eps1-clip1/eval.txt,16858,1.4579470262084302,1.0002749924873495,3.2152135141699607,1.0104766852064124
/workspace/llm_tg/runs/LR0.0005-k3000-linear_Standard/16.09.24_shuffle-False_wl-1/adult/DP/GPT2/entire/ts30932-bs32-epoch10-mbs32-eps8-clip1/eval.txt,16858,1.4131164434196488,1.0001346166187246,2.9342287028694187,1.0050056655734885
/workspace/llm_tg/runs/LR0.0005-k3000-linear_Standard/16.09.24_shuffle-False_wl-1/airline/NonDP/GPT2/entire/ts103904-bs32-epoch10/eval.txt,24976,1.2372540394390488,1.0000000109891474,2.8943321472748584,1.002553509474688
/workspace/llm_tg/runs/LR0.0005-k3000-linear_Standard/16.09.24_shuffle-False_wl-1/airline/DP/GPT2/entire/ts103904-bs32-epoch10-mbs32-eps1-clip1/eval.txt,24976,1.307437270911084,1.000007916848023,3.7991590491268106,1.0056915928699046
/workspace/llm_tg/runs/LR0.0005-k3000-linear_Standard/16.09.24_shuffle-False_wl-1/airline/DP/GPT2/entire/ts103904-bs32-epoch10-mbs32-eps8-clip1/eval.txt,24976,1.2965860053897538,1.0000016557149884,3.651396253423689,1.0041867607335675
/workspace/llm_tg/runs/LR0.0005-k3000-linear_Standard/16.09.24_shuffle-True_wl-1/adult/NonDP/GPT2/entire/ts30932-bs32-epoch10/eval.txt,16858,1.702521611008947,2.18852917513777,2.397477459777833,1.0098936842148525
/workspace/llm_tg/runs/LR0.0005-k3000-linear_Standard/16.09.24_shuffle-True_wl-1/airline/NonDP/GPT2/entire/ts103904-bs32-epoch10/eval.txt,24976,1.6220039592681743,1.6789549542901323,2.8653670766537105,1.0026410521737368
/workspace/llm_tg/runs/LR0.0005-linear_2Stage/16.09.24_shuffle-True_stage1-airline_wl-1/adult/NonDP/GPT2/entire/ts30932-bs32-epoch5/eval.txt,16858,1.701350346835137,2.1898876751524807,2.391138202315445,1.0097833201349715
/workspace/llm_tg/runs/LR0.0005-linear_2Stage/16.09.24_shuffle-True_stage1-airline_wl-1/airline-uniform/NonDP/GPT2/entire/ts30932-bs32-epoch5/eval.txt,16858,8750.274941080717,2367640.39607021,190525.6725857618,4.238998323190901
/workspace/llm_tg/runs/LR0.0005-linear_2Stage/16.09.24_shuffle-True_stage2-adult_entire_uniform-using-adult-uniform_ts30932-bs32-epoch5-pretrain-stage1-for-epoch5_wl0.65/adult/DP/GPT2/entire/ts30932-bs32-epoch10-mbs32-eps1-clip1/eval.txt,16858,1.824999414363508,2.192772795459417,2.9688897226872104,1.011440445980838
/workspace/llm_tg/runs/LR0.0005-linear_2Stage/16.09.24_shuffle-True_stage2-adult_entire_uniform-using-adult-uniform_ts30932-bs32-epoch5-pretrain-stage1-for-epoch5_wl0.65/adult/DP/GPT2/entire/ts30932-bs32-epoch10-mbs32-eps8-clip1/eval.txt,16858,1.8131973166001287,2.191363393701601,2.911559561692529,1.0112936645386978
/workspace/llm_tg/runs/LR0.0005-linear_2Stage/16.09.24_shuffle-False_stage2-airline_entire_ood-using-adult_ts30932-bs32-epoch5-pretrain-stage1-for-epoch5_wl0.65/airline/DP/GPT2/entire/ts103904-bs32-epoch10-mbs32-eps1-clip1/eval.txt,24976,1.3042111647159802,1.0001112831010974,3.736836696486463,1.0085499593568978
/workspace/llm_tg/runs/LR0.0005-linear_2Stage/16.09.24_shuffle-False_stage2-airline_entire_ood-using-adult_ts30932-bs32-epoch5-pretrain-stage1-for-epoch5_wl0.65/airline/DP/GPT2/entire/ts103904-bs32-epoch10-mbs32-eps8-clip1/eval.txt,24976,1.2942345388949454,1.0000261999424458,3.6024229984762672,1.007373227769483
/workspace/llm_tg/runs/LR0.0005-linear_2Stage/16.09.24_shuffle-False_stage1-airline_wl-1/adult/NonDP/GPT2/entire/ts30932-bs32-epoch5/eval.txt,16858,1.31860474292296,1.0000518348834369,2.375470900162375,1.0003053327184197
/workspace/llm_tg/runs/LR0.0005-linear_2Stage/16.09.24_shuffle-False_stage1-airline_wl-1/airline-uniform/NonDP/GPT2/entire/ts30932-bs32-epoch5/eval.txt,24976,1.546201760401652,1.002588890119916,6.636498979422623,1.2292925476918033
/workspace/llm_tg/runs/LR0.0005-linear_2Stage/16.09.24_shuffle-True_stage1-adult_wl-1/adult-uniform/NonDP/GPT2/entire/ts30932-bs32-epoch5/eval.txt,16858,2.488797221144772,2.189990141619073,7.341725553554698,1.0726946153507768
/workspace/llm_tg/runs/LR0.0005-linear_2Stage/16.09.24_shuffle-True_stage1-adult_wl-1/airline/NonDP/GPT2/entire/ts30932-bs32-epoch5/eval.txt,24976,1.6585739052216388,1.681159017762817,3.1913423799367617,1.00297894030604
/workspace/llm_tg/runs/LR0.0005-linear_2Stage/16.09.24_shuffle-True_stage2-airline_entire_uniform-using-airline-uniform_ts30932-bs32-epoch5-pretrain-stage1-for-epoch5_wl0.65/airline/DP/GPT2/entire/ts103904-bs32-epoch10-mbs32-eps1-clip1/eval.txt,24976,1.7301321725019876,1.696243191577049,3.830321243090072,1.0070041445971198
/workspace/llm_tg/runs/LR0.0005-linear_2Stage/16.09.24_shuffle-True_stage2-airline_entire_uniform-using-airline-uniform_ts30932-bs32-epoch5-pretrain-stage1-for-epoch5_wl0.65/airline/DP/GPT2/entire/ts103904-bs32-epoch10-mbs32-eps8-clip1/eval.txt,24976,1.715972839444497,1.69094191668426,3.709816247936745,1.00631577850371
/workspace/llm_tg/runs/LR0.0005-linear_2Stage/16.09.24_shuffle-False_stage2-adult_entire_ood-using-airline_ts30932-bs32-epoch5-pretrain-stage1-for-epoch5_wl0.65/adult/DP/GPT2/entire/ts30932-bs32-epoch10-mbs32-eps1-clip1/eval.txt,16858,1.4322375463722603,1.000796220197966,3.0485955387804973,1.0078183853370193
/workspace/llm_tg/runs/LR0.0005-linear_2Stage/16.09.24_shuffle-False_stage2-adult_entire_ood-using-airline_ts30932-bs32-epoch5-pretrain-stage1-for-epoch5_wl0.65/adult/DP/GPT2/entire/ts30932-bs32-epoch10-mbs32-eps8-clip1/eval.txt,16858,1.393977896922636,1.0002008598537515,2.8125786304262768,1.0046515626809598
/workspace/llm_tg/runs/LR0.0005-linear_2Stage/16.09.24_shuffle-False_stage2-airline_entire_uniform-using-airline-uniform_ts30932-bs32-epoch5-pretrain-stage1-for-epoch5_wl0.65/airline/DP/GPT2/entire/ts103904-bs32-epoch10-mbs32-eps1-clip1/eval.txt,24976,1.295258005730522,1.000039674703055,3.62584847028074,1.0054967603833624
/workspace/llm_tg/runs/LR0.0005-linear_2Stage/16.09.24_shuffle-False_stage2-airline_entire_uniform-using-airline-uniform_ts30932-bs32-epoch5-pretrain-stage1-for-epoch5_wl0.65/airline/DP/GPT2/entire/ts103904-bs32-epoch10-mbs32-eps8-clip1/eval.txt,24976,1.2876926750011088,1.0000156397131552,3.5211440924283623,1.005516702109914
/workspace/llm_tg/runs/LR0.0005-linear_2Stage/16.09.24_shuffle-False_stage1-adult_wl-1/adult-uniform/NonDP/GPT2/entire/ts30932-bs32-epoch5/eval.txt,16858,1.912140130765128,1.0000847043340206,7.381083478739989,1.026567188392171
/workspace/llm_tg/runs/LR0.0005-linear_2Stage/16.09.24_shuffle-False_stage1-adult_wl-1/airline/NonDP/GPT2/entire/ts30932-bs32-epoch5/eval.txt,24976,1.2486733232882217,1.0000000703568712,3.030035304798533,1.0026943856313744
/workspace/llm_tg/runs/LR0.0005-linear_2Stage/16.09.24_shuffle-True_stage2-adult_entire_ood-using-airline_ts30932-bs32-epoch5-pretrain-stage1-for-epoch5_wl0.65/adult/DP/GPT2/entire/ts30932-bs32-epoch10-mbs32-eps1-clip1/eval.txt,16858,2.132144918655652,3.043380553215466,3.270339255223653,1.069959669179272
/workspace/llm_tg/runs/LR0.0005-linear_2Stage/16.09.24_shuffle-True_stage2-adult_entire_ood-using-airline_ts30932-bs32-epoch5-pretrain-stage1-for-epoch5_wl0.65/adult/DP/GPT2/entire/ts30932-bs32-epoch10-mbs32-eps8-clip1/eval.txt,16858,2.0354332139139704,2.8746614362364897,3.050629557007709,1.052226941716656
/workspace/llm_tg/runs/LR0.0005-linear_2Stage/16.09.24_shuffle-True_stage2-airline_entire_ood-using-adult_ts30932-bs32-epoch5-pretrain-stage1-for-epoch5_wl0.65/airline/DP/GPT2/entire/ts103904-bs32-epoch10-mbs32-eps1-clip1/eval.txt,24976,1.9311211176126533,2.045812416990505,3.94783150432243,1.0264428290523402
/workspace/llm_tg/runs/LR0.0005-linear_2Stage/16.09.24_shuffle-True_stage2-airline_entire_ood-using-adult_ts30932-bs32-epoch5-pretrain-stage1-for-epoch5_wl0.65/airline/DP/GPT2/entire/ts103904-bs32-epoch10-mbs32-eps8-clip1/eval.txt,24976,1.8902673482395085,2.0010920205017326,3.81584354746846,1.0154163979002322
/workspace/llm_tg/runs/LR0.0005-linear_2Stage/16.09.24_shuffle-False_stage2-adult_entire_uniform-using-adult-uniform_ts30932-bs32-epoch5-pretrain-stage1-for-epoch5_wl0.65/adult/DP/GPT2/entire/ts30932-bs32-epoch10-mbs32-eps1-clip1/eval.txt,16858,1.4047322292097937,1.0000749146976815,2.8944004642743555,1.0006745627594222
/workspace/llm_tg/runs/LR0.0005-linear_2Stage/16.09.24_shuffle-False_stage2-adult_entire_uniform-using-adult-uniform_ts30932-bs32-epoch5-pretrain-stage1-for-epoch5_wl0.65/adult/DP/GPT2/entire/ts30932-bs32-epoch10-mbs32-eps8-clip1/eval.txt,16858,1.3962104174993304,1.0000729472860956,2.8396970023775725,1.0007086301604604
/workspace/llm_tg/runs/LR0.0005-linear_Standard/16.09.24_shuffle-False_wl-1/adult/NonDP/GPT2/entire/ts30932-bs32-epoch10/eval.txt,16858,1.3383158908944128,1.0000513522915646,2.4876939356798564,1.0005505446256535
/workspace/llm_tg/runs/LR0.0005-linear_Standard/16.09.24_shuffle-False_wl-1/adult/DP/GPT2/entire/ts30932-bs32-epoch10-mbs32-eps1-clip1/eval.txt,16858,1.4571673035629755,1.0002646111739557,3.2240203727477343,1.0065646183426211
/workspace/llm_tg/runs/LR0.0005-linear_Standard/16.09.24_shuffle-False_wl-1/adult/DP/GPT2/entire/ts30932-bs32-epoch10-mbs32-eps8-clip1/eval.txt,16858,1.4170858340189874,1.000109161147065,2.966394933031577,1.00314770308272
/workspace/llm_tg/runs/LR0.0005-linear_Standard/16.09.24_shuffle-False_wl-1/airline/NonDP/GPT2/entire/ts103904-bs32-epoch10/eval.txt,24976,1.2375719259063855,1.0000000080652385,2.898126871498922,1.0025363071202884
/workspace/llm_tg/runs/LR0.0005-linear_Standard/16.09.24_shuffle-False_wl-1/airline/DP/GPT2/entire/ts103904-bs32-epoch10-mbs32-eps1-clip1/eval.txt,24976,1.3064526150958309,1.000008093154073,3.789526880113818,1.004786618072648
/workspace/llm_tg/runs/LR0.0005-linear_Standard/16.09.24_shuffle-False_wl-1/airline/DP/GPT2/entire/ts103904-bs32-epoch10-mbs32-eps8-clip1/eval.txt,24976,1.2962924422270572,1.0000027896117245,3.648488868205331,1.0039375947884792
/workspace/llm_tg/runs/LR0.0005-linear_Standard/16.09.24_shuffle-True_wl-1/adult/NonDP/GPT2/entire/ts30932-bs32-epoch10/eval.txt,16858,1.7020680638961003,2.1883817755521533,2.3954891057277794,1.0099480599913553
/workspace/llm_tg/runs/LR0.0005-linear_Standard/16.09.24_shuffle-True_wl-1/adult/DP/GPT2/entire/ts30932-bs32-epoch10-mbs32-eps1-clip1/eval.txt,16858,2.197880981012726,3.098840275860568,3.537487633455797,1.0685731924448931
/workspace/llm_tg/runs/LR0.0005-linear_Standard/16.09.24_shuffle-True_wl-1/adult/DP/GPT2/entire/ts30932-bs32-epoch10-mbs32-eps8-clip1/eval.txt,16858,2.077831479436159,2.916553185201631,3.2181573270469563,1.0491292346650074
/workspace/llm_tg/runs/LR0.0005-linear_Standard/16.09.24_shuffle-True_wl-1/airline/NonDP/GPT2/entire/ts103904-bs32-epoch10/eval.txt,24976,1.6220690738613084,1.6789934830349589,2.865799889137728,1.0026334591521535
/workspace/llm_tg/runs/LR0.0005-linear_Standard/16.09.24_shuffle-True_wl-1/airline/DP/GPT2/entire/ts103904-bs32-epoch10-mbs32-eps1-clip1/eval.txt,24976,1.9460686111549057,2.009169437939321,4.275976877494832,1.0312550068068729
/workspace/llm_tg/runs/LR0.0005-linear_Standard/16.09.24_shuffle-True_wl-1/airline/DP/GPT2/entire/ts103904-bs32-epoch10-mbs32-eps8-clip1/eval.txt,24976,1.853709030369844,1.904959933594851,3.9240445253388905,1.0183923574898075
/workspace/llm_tg/runs/LR0.0005-k2000-linear_2Stage/16.09.24_shuffle-True_stage1-airline_wl-1/adult/NonDP/GPT2/entire/ts30932-bs32-epoch5/eval.txt,16858,1.701251780742077,2.189930358053411,2.390476559847498,1.009850203194761
/workspace/llm_tg/runs/LR0.0005-k2000-linear_2Stage/16.09.24_shuffle-True_stage1-airline_wl-1/airline-uniform/NonDP/GPT2/entire/ts30932-bs32-epoch5/eval.txt,24976,2.114821704718876,1.693583110844713,6.640331539509898,1.4075445526596218
/workspace/llm_tg/runs/LR0.0005-k2000-linear_2Stage/16.09.24_shuffle-True_stage2-adult_entire_uniform-using-adult-uniform_ts30932-bs32-epoch5-pretrain-stage1-for-epoch5_wl0.65/adult/DP/GPT2/entire/ts30932-bs32-epoch10-mbs32-eps1-clip1/eval.txt,16858,1.826625179216244,2.195677290617647,2.9731174639177884,1.011456784709423
/workspace/llm_tg/runs/LR0.0005-k2000-linear_2Stage/16.09.24_shuffle-False_stage2-airline_entire_ood-using-adult_ts30932-bs32-epoch5-pretrain-stage1-for-epoch5_wl0.65/airline/DP/GPT2/entire/ts103904-bs32-epoch10-mbs32-eps1-clip1/eval.txt,24976,1.307008846676429,1.0001305534181757,3.775859591743385,1.0087651829225066
/workspace/llm_tg/runs/LR0.0005-k2000-linear_2Stage/16.09.24_shuffle-False_stage2-airline_entire_ood-using-adult_ts30932-bs32-epoch5-pretrain-stage1-for-epoch5_wl0.65/airline/DP/GPT2/entire/ts103904-bs32-epoch10-mbs32-eps8-clip1/eval.txt,24976,1.2961066330986093,1.0000391321644506,3.631077523966481,1.0068465055450193
/workspace/llm_tg/runs/LR0.0005-k2000-linear_2Stage/16.09.24_shuffle-False_stage1-airline_wl-1/adult/NonDP/GPT2/entire/ts30932-bs32-epoch5/eval.txt,16858,1.319138707322687,1.00005458486152,2.378456623641885,1.0003124892029522
/workspace/llm_tg/runs/LR0.0005-k2000-linear_2Stage/16.09.24_shuffle-False_stage1-airline_wl-1/airline-uniform/NonDP/GPT2/entire/ts30932-bs32-epoch5/eval.txt,24976,1.541268950921671,1.000000230851766,6.652423770758753,1.2189572521253833
/workspace/llm_tg/runs/LR0.0005-k2000-linear_2Stage/16.09.24_shuffle-True_stage1-adult_wl-1/adult-uniform/NonDP/GPT2/entire/ts30932-bs32-epoch5/eval.txt,16858,2.49482504516055,2.190180337310175,7.364917323157975,1.0767852253108403
/workspace/llm_tg/runs/LR0.0005-k2000-linear_2Stage/16.09.24_shuffle-True_stage1-adult_wl-1/airline/NonDP/GPT2/entire/ts30932-bs32-epoch5/eval.txt,24976,1.6580024026546356,1.680936978399532,3.1861479313564827,1.0031624053136905
/workspace/llm_tg/runs/LR0.0005-k2000-linear_2Stage/16.09.24_shuffle-True_stage2-airline_entire_uniform-using-airline-uniform_ts30932-bs32-epoch5-pretrain-stage1-for-epoch5_wl0.65/airline/DP/GPT2/entire/ts103904-bs32-epoch10-mbs32-eps1-clip1/eval.txt,24976,1.742710115474529,1.6954269734377052,3.975693482732319,1.007222442461447
/workspace/llm_tg/runs/LR0.0005-k2000-linear_2Stage/16.09.24_shuffle-False_stage2-adult_entire_ood-using-airline_ts30932-bs32-epoch5-pretrain-stage1-for-epoch5_wl0.65/adult/DP/GPT2/entire/ts30932-bs32-epoch10-mbs32-eps1-clip1/eval.txt,16858,1.432399584021048,1.0003712159762683,3.0456013315913943,1.0093833039669229
/workspace/llm_tg/runs/LR0.0005-k2000-linear_2Stage/16.09.24_shuffle-False_stage2-adult_entire_ood-using-airline_ts30932-bs32-epoch5-pretrain-stage1-for-epoch5_wl0.65/adult/DP/GPT2/entire/ts30932-bs32-epoch10-mbs32-eps8-clip1/eval.txt,16858,1.394918349731814,1.0001509865137286,2.8185436408053746,1.004688577394127
/workspace/llm_tg/runs/LR0.0005-k2000-linear_2Stage/16.09.24_shuffle-False_stage2-airline_entire_uniform-using-airline-uniform_ts30932-bs32-epoch5-pretrain-stage1-for-epoch5_wl0.65/airline/DP/GPT2/entire/ts103904-bs32-epoch10-mbs32-eps1-clip1/eval.txt,24976,1.2959335957453326,1.0000157621530734,3.630773670243947,1.006462548886039
/workspace/llm_tg/runs/LR0.0005-k2000-linear_2Stage/16.09.24_shuffle-False_stage2-airline_entire_uniform-using-airline-uniform_ts30932-bs32-epoch5-pretrain-stage1-for-epoch5_wl0.65/airline/DP/GPT2/entire/ts103904-bs32-epoch10-mbs32-eps8-clip1/eval.txt,24976,1.2879505891073133,1.0000075870704184,3.5226849232834536,1.0059467740657393
/workspace/llm_tg/runs/LR0.0005-k2000-linear_2Stage/16.09.24_shuffle-False_stage2-airline_entire_uniform-using-airline-uniform_ts30932-bs32-epoch5-pretrain-stage1-for-epoch5_wl0.65/airline/DP/GPT2/entire/ts103904-bs32-epoch10-mbs32-eps8-clip1/eval.txt,24976,1.2879493224386198,1.0000075953623446,3.5226790441736213,1.0059443110613444
/workspace/llm_tg/runs/LR0.0005-k2000-linear_2Stage/16.09.24_shuffle-False_stage1-adult_wl-1/adult-uniform/NonDP/GPT2/entire/ts30932-bs32-epoch5/eval.txt,16858,1.9042945657414017,1.0000839431028063,7.41962278063138,1.0103365333323215
/workspace/llm_tg/runs/LR0.0005-k2000-linear_2Stage/16.09.24_shuffle-False_stage1-adult_wl-1/airline/NonDP/GPT2/entire/ts30932-bs32-epoch5/eval.txt,24976,1.2489315363083997,1.0000000622237215,3.032538789938199,1.002847709441085
/workspace/llm_tg/runs/LR0.0005-k2000-linear_2Stage/16.09.24_shuffle-True_stage2-adult_entire_ood-using-airline_ts30932-bs32-epoch5-pretrain-stage1-for-epoch5_wl0.65/adult/DP/GPT2/entire/ts30932-bs32-epoch10-mbs32-eps1-clip1/eval.txt,16858,2.1136348688646955,3.0128164890545466,3.244888112766926,1.061066173233226
/workspace/llm_tg/runs/LR0.0005-k2000-linear_2Stage/16.09.24_shuffle-True_stage2-airline_entire_ood-using-adult_ts30932-bs32-epoch5-pretrain-stage1-for-epoch5_wl0.65/airline/DP/GPT2/entire/ts103904-bs32-epoch10-mbs32-eps1-clip1/eval.txt,24976,1.925777464545944,2.0376015299431702,3.932851981278301,1.0268362106670326
/workspace/llm_tg/runs/LR0.0005-k2000-linear_2Stage/16.09.24_shuffle-False_stage2-adult_entire_uniform-using-adult-uniform_ts30932-bs32-epoch5-pretrain-stage1-for-epoch5_wl0.65/adult/DP/GPT2/entire/ts30932-bs32-epoch10-mbs32-eps1-clip1/eval.txt,16858,1.4039904644387158,1.000079866872102,2.889234663860965,1.0007878032283932
/workspace/llm_tg/runs/LR0.0005-k2000-linear_2Stage/16.09.24_shuffle-False_stage2-adult_entire_uniform-using-adult-uniform_ts30932-bs32-epoch5-pretrain-stage1-for-epoch5_wl0.65/adult/DP/GPT2/entire/ts30932-bs32-epoch10-mbs32-eps8-clip1/eval.txt,16858,1.387999765639956,1.000075596920977,2.7876974919059743,1.0007258798496828
/workspace/llm_tg/runs/LR0.0005-k1000-linear_2Stage/16.09.24_shuffle-True_stage1-airline_wl-1/adult/NonDP/GPT2/entire/ts30932-bs32-epoch5/eval.txt,16858,1.701350346835137,2.1898876751524807,2.391138202315445,1.0097833201349715
/workspace/llm_tg/runs/LR0.0005-k1000-linear_2Stage/16.09.24_shuffle-True_stage1-airline_wl-1/airline-uniform/NonDP/GPT2/entire/ts30932-bs32-epoch5/eval.txt,24976,2.13499303145754,1.6953532046571869,6.635015772074308,1.4550990433885749
/workspace/llm_tg/runs/LR0.0005-k1000-linear_2Stage/16.09.24_shuffle-False_stage2-airline_entire_ood-using-adult_ts30932-bs32-epoch5-pretrain-stage1-for-epoch5_wl0.65/airline/DP/GPT2/entire/ts103904-bs32-epoch10-mbs32-eps1-clip1/eval.txt,24976,1.3042099986608535,1.000111296250216,3.736823778005008,1.0085492595895589
/workspace/llm_tg/runs/LR0.0005-k1000-linear_2Stage/16.09.24_shuffle-False_stage2-airline_entire_ood-using-adult_ts30932-bs32-epoch5-pretrain-stage1-for-epoch5_wl0.65/airline/DP/GPT2/entire/ts103904-bs32-epoch10-mbs32-eps8-clip1/eval.txt,24976,1.2942346546085357,1.0000262349989286,3.602423857360942,1.0073733525486843
/workspace/llm_tg/runs/LR0.0005-k1000-linear_2Stage/16.09.24_shuffle-False_stage1-airline_wl-1/adult/NonDP/GPT2/entire/ts30932-bs32-epoch5/eval.txt,16858,1.31860474292296,1.0000518348834369,2.375470900162375,1.0003053327184197
/workspace/llm_tg/runs/LR0.0005-k1000-linear_2Stage/16.09.24_shuffle-False_stage1-airline_wl-1/airline-uniform/NonDP/GPT2/entire/ts30932-bs32-epoch5/eval.txt,24976,1.546201760401652,1.002588890119916,6.636498979422623,1.2292925476918033
/workspace/llm_tg/runs/LR0.0005-k1000-linear_2Stage/16.09.24_shuffle-True_stage1-adult_wl-1/airline/NonDP/GPT2/entire/ts30932-bs32-epoch5/eval.txt,24976,1.6585739052216388,1.681159017762817,3.1913423799367617,1.00297894030604
/workspace/llm_tg/runs/LR0.0005-k1000-linear_2Stage/16.09.24_shuffle-True_stage2-airline_entire_uniform-using-airline-uniform_ts30932-bs32-epoch5-pretrain-stage1-for-epoch5_wl0.65/airline/DP/GPT2/entire/ts103904-bs32-epoch10-mbs32-eps1-clip1/eval.txt,24976,1.7306667463148766,1.6967821613613998,3.837003157519809,1.0062463429417965
/workspace/llm_tg/runs/LR0.0005-k1000-linear_2Stage/16.09.24_shuffle-False_stage2-adult_entire_ood-using-airline_ts30932-bs32-epoch5-pretrain-stage1-for-epoch5_wl0.65/adult/DP/GPT2/entire/ts30932-bs32-epoch10-mbs32-eps1-clip1/eval.txt,16858,1.432237119532273,1.0007962384897244,3.048590087471746,1.0078192108395871
/workspace/llm_tg/runs/LR0.0005-k1000-linear_2Stage/16.09.24_shuffle-False_stage2-adult_entire_ood-using-airline_ts30932-bs32-epoch5-pretrain-stage1-for-epoch5_wl0.65/adult/DP/GPT2/entire/ts30932-bs32-epoch10-mbs32-eps8-clip1/eval.txt,16858,1.393974282618576,1.0002008582672743,2.8125611956342973,1.0046496661107136
/workspace/llm_tg/runs/LR0.0005-k1000-linear_2Stage/16.09.24_shuffle-False_stage2-airline_entire_uniform-using-airline-uniform_ts30932-bs32-epoch5-pretrain-stage1-for-epoch5_wl0.65/airline/DP/GPT2/entire/ts103904-bs32-epoch10-mbs32-eps1-clip1/eval.txt,24976,1.2952567704768176,1.0000396799274,3.6258329098606032,1.0054963577134557
/workspace/llm_tg/runs/LR0.0005-k1000-linear_2Stage/16.09.24_shuffle-False_stage2-airline_entire_uniform-using-airline-uniform_ts30932-bs32-epoch5-pretrain-stage1-for-epoch5_wl0.65/airline/DP/GPT2/entire/ts103904-bs32-epoch10-mbs32-eps8-clip1/eval.txt,24976,1.287695015953403,1.0000156598642351,3.521137796137707,1.0055245876056642
/workspace/llm_tg/runs/LR0.0005-k1000-linear_2Stage/16.09.24_shuffle-False_stage1-adult_wl-1/adult-uniform/NonDP/GPT2/entire/ts30932-bs32-epoch5/eval.txt,16858,1.912140130765128,1.0000847043340206,7.381083478739989,1.026567188392171
/workspace/llm_tg/runs/LR0.0005-k1000-linear_2Stage/16.09.24_shuffle-False_stage1-adult_wl-1/airline/NonDP/GPT2/entire/ts30932-bs32-epoch5/eval.txt,24976,1.2486733232882217,1.0000000703568712,3.030035304798533,1.0026943856313744
/workspace/llm_tg/runs/LR0.0005-k1000-linear_2Stage/16.09.24_shuffle-True_stage2-adult_entire_ood-using-airline_ts30932-bs32-epoch5-pretrain-stage1-for-epoch5_wl0.65/adult/DP/GPT2/entire/ts30932-bs32-epoch10-mbs32-eps1-clip1/eval.txt,16858,2.1321397081466587,3.043383455610719,3.270332627698442,1.0699536664150853
/workspace/llm_tg/runs/LR0.0005-k1000-linear_2Stage/16.09.24_shuffle-True_stage2-airline_entire_ood-using-adult_ts30932-bs32-epoch5-pretrain-stage1-for-epoch5_wl0.65/airline/DP/GPT2/entire/ts103904-bs32-epoch10-mbs32-eps1-clip1/eval.txt,24976,1.931136886896026,2.045833390764668,3.947842799175121,1.0264510406903462
/workspace/llm_tg/runs/LR0.0005-k1000-linear_2Stage/16.09.24_shuffle-False_stage2-adult_entire_uniform-using-adult-uniform_ts30932-bs32-epoch5-pretrain-stage1-for-epoch5_wl0.65/adult/DP/GPT2/entire/ts30932-bs32-epoch10-mbs32-eps1-clip1/eval.txt,16858,1.4047316012456923,1.0000749150032946,2.8943966688431906,1.0006745604295453
/workspace/llm_tg/runs/LR0.0005-k1000-linear_2Stage/16.09.24_shuffle-False_stage2-adult_entire_uniform-using-adult-uniform_ts30932-bs32-epoch5-pretrain-stage1-for-epoch5_wl0.65/adult/DP/GPT2/entire/ts30932-bs32-epoch10-mbs32-eps8-clip1/eval.txt,16858,1.3962106671612309,1.0000729448120895,2.839697679414177,1.0007086930692837
/workspace/llm_tg/runs/LR0.0005-k4000-linear_Standard/16.09.24_shuffle-False_wl-1/adult/NonDP/GPT2/entire/ts30932-bs32-epoch10/eval.txt,16858,1.337033726621584,1.0000502389443775,2.4804396471287267,1.0004813970893116
/workspace/llm_tg/runs/LR0.0005-k4000-linear_Standard/16.09.24_shuffle-False_wl-1/adult/DP/GPT2/entire/ts30932-bs32-epoch10-mbs32-eps1-clip1/eval.txt,16858,1.4602450920076586,1.000287184859654,3.231800577795222,1.0102730758278402
/workspace/llm_tg/runs/LR0.0005-k4000-linear_Standard/16.09.24_shuffle-False_wl-1/adult/DP/GPT2/entire/ts30932-bs32-epoch10-mbs32-eps8-clip1/eval.txt,16858,1.4121813134272316,1.0001190615953737,2.928955156854103,1.0047776631614398
/workspace/llm_tg/runs/LR0.0005-k4000-linear_Standard/16.09.24_shuffle-False_wl-1/airline/NonDP/GPT2/entire/ts103904-bs32-epoch10/eval.txt,24976,1.2385528546240747,1.0000000107800906,2.909922128439524,1.002467870601549
/workspace/llm_tg/runs/LR0.0005-k4000-linear_Standard/16.09.24_shuffle-False_wl-1/airline/DP/GPT2/entire/ts103904-bs32-epoch10-mbs32-eps1-clip1/eval.txt,24976,1.307377539440982,1.0000090463872675,3.798239783406277,1.0056990296862724
/workspace/llm_tg/runs/LR0.0005-k4000-linear_Standard/16.09.24_shuffle-False_wl-1/airline/DP/GPT2/entire/ts103904-bs32-epoch10-mbs32-eps8-clip1/eval.txt,24976,1.2970732088040384,1.0000023703365413,3.655787824002621,1.004682829004263
/workspace/llm_tg/runs/LR0.0005-k4000-linear_Standard/16.09.24_shuffle-True_wl-1/adult/NonDP/GPT2/entire/ts30932-bs32-epoch10/eval.txt,16858,1.7031536330172794,2.1888940644249053,2.400554657955908,1.0096396395660296
/workspace/llm_tg/runs/LR0.0005-k4000-linear_Standard/16.09.24_shuffle-True_wl-1/airline/NonDP/GPT2/entire/ts103904-bs32-epoch10/eval.txt,24976,1.6226140699448814,1.6790585335716663,2.8707783407508125,1.002520050167617
/workspace/llm_tg/runs/LR0.0005-k3000-linear_2Stage/16.09.24_shuffle-True_stage1-airline_wl-1/adult/NonDP/GPT2/entire/ts30932-bs32-epoch5/eval.txt,16858,1.7017662734462708,2.1891942924631387,2.393030087289858,1.0100425774603308
/workspace/llm_tg/runs/LR0.0005-k3000-linear_2Stage/16.09.24_shuffle-True_stage1-airline_wl-1/airline-uniform/NonDP/GPT2/entire/ts30932-bs32-epoch5/eval.txt,24976,2.117420500235099,1.683033492546472,6.675031754134257,1.425520245106659
/workspace/llm_tg/runs/LR0.0005-k3000-linear_2Stage/16.09.24_shuffle-True_stage2-adult_entire_uniform-using-adult-uniform_ts30932-bs32-epoch5-pretrain-stage1-for-epoch5_wl0.65/adult/DP/GPT2/entire/ts30932-bs32-epoch10-mbs32-eps1-clip1/eval.txt,16858,1.828081095865191,2.1937633288008427,2.983092744558298,1.0114652410117757
/workspace/llm_tg/runs/LR0.0005-k3000-linear_2Stage/16.09.24_shuffle-False_stage2-airline_entire_ood-using-adult_ts30932-bs32-epoch5-pretrain-stage1-for-epoch5_wl0.65/airline/DP/GPT2/entire/ts103904-bs32-epoch10-mbs32-eps1-clip1/eval.txt,24976,1.3030877266843373,1.0000943219371632,3.7256389100128247,1.0076167614535103
/workspace/llm_tg/runs/LR0.0005-k3000-linear_2Stage/16.09.24_shuffle-False_stage2-airline_entire_ood-using-adult_ts30932-bs32-epoch5-pretrain-stage1-for-epoch5_wl0.65/airline/DP/GPT2/entire/ts103904-bs32-epoch10-mbs32-eps8-clip1/eval.txt,24976,1.2926524676608635,1.0000296383831615,3.5816034791051394,1.0071243690544247
/workspace/llm_tg/runs/LR0.0005-k3000-linear_2Stage/16.09.24_shuffle-False_stage1-airline_wl-1/adult/NonDP/GPT2/entire/ts30932-bs32-epoch5/eval.txt,16858,1.3190732521406174,1.0000530576358595,2.3780643865268205,1.0003223105837844
/workspace/llm_tg/runs/LR0.0005-k3000-linear_2Stage/16.09.24_shuffle-False_stage1-airline_wl-1/airline-uniform/NonDP/GPT2/entire/ts30932-bs32-epoch5/eval.txt,24976,1.5451683381370875,1.0065595280761015,6.677554681567359,1.2115606394276663
/workspace/llm_tg/runs/LR0.0005-k3000-linear_2Stage/16.09.24_shuffle-True_stage1-adult_wl-1/adult-uniform/NonDP/GPT2/entire/ts30932-bs32-epoch5/eval.txt,16858,2.4831853301373434,2.1896129320495112,7.389345021453128,1.0601559778377576
/workspace/llm_tg/runs/LR0.0005-k3000-linear_2Stage/16.09.24_shuffle-True_stage1-adult_wl-1/airline/NonDP/GPT2/entire/ts30932-bs32-epoch5/eval.txt,24976,1.658255709565779,1.6810882746017328,3.187608667970671,1.0032131515859823
/workspace/llm_tg/runs/LR0.0005-k3000-linear_2Stage/16.09.24_shuffle-True_stage2-airline_entire_uniform-using-airline-uniform_ts30932-bs32-epoch5-pretrain-stage1-for-epoch5_wl0.65/airline/DP/GPT2/entire/ts103904-bs32-epoch10-mbs32-eps1-clip1/eval.txt,24976,1.7445030648078692,1.6954136341876114,3.9967888529258526,1.0071332796916166
/workspace/llm_tg/runs/LR0.0005-k3000-linear_2Stage/16.09.24_shuffle-False_stage2-adult_entire_ood-using-airline_ts30932-bs32-epoch5-pretrain-stage1-for-epoch5_wl0.65/adult/DP/GPT2/entire/ts30932-bs32-epoch10-mbs32-eps1-clip1/eval.txt,16858,1.431549901442863,1.0004078473696043,3.041351005730286,1.008940983546084
/workspace/llm_tg/runs/LR0.0005-k3000-linear_2Stage/16.09.24_shuffle-False_stage2-adult_entire_ood-using-airline_ts30932-bs32-epoch5-pretrain-stage1-for-epoch5_wl0.65/adult/DP/GPT2/entire/ts30932-bs32-epoch10-mbs32-eps8-clip1/eval.txt,16858,1.3891670147472426,1.0001932861268603,2.7816133901550724,1.004880269262631
/workspace/llm_tg/runs/LR0.0005-k3000-linear_2Stage/16.09.24_shuffle-False_stage2-airline_entire_uniform-using-airline-uniform_ts30932-bs32-epoch5-pretrain-stage1-for-epoch5_wl0.65/airline/DP/GPT2/entire/ts103904-bs32-epoch10-mbs32-eps1-clip1/eval.txt,24976,1.2970799735856169,1.0000085296587689,3.6488276973412543,1.006086565303776
/workspace/llm_tg/runs/LR0.0005-k3000-linear_2Stage/16.09.24_shuffle-False_stage2-airline_entire_uniform-using-airline-uniform_ts30932-bs32-epoch5-pretrain-stage1-for-epoch5_wl0.65/airline/DP/GPT2/entire/ts103904-bs32-epoch10-mbs32-eps8-clip1/eval.txt,24976,1.288459622050342,1.0000042932057411,3.5307165373047886,1.0057344625629596
/workspace/llm_tg/runs/LR0.0005-k3000-linear_2Stage/16.09.24_shuffle-False_stage1-adult_wl-1/adult-uniform/NonDP/GPT2/entire/ts30932-bs32-epoch5/eval.txt,16858,1.9415448630077747,1.000083435402206,7.351766603354363,1.0744874911498823
/workspace/llm_tg/runs/LR0.0005-k3000-linear_2Stage/16.09.24_shuffle-False_stage1-adult_wl-1/airline/NonDP/GPT2/entire/ts30932-bs32-epoch5/eval.txt,24976,1.2489783985024543,1.000000156539796,3.032901041381093,1.0028975807277505
/workspace/llm_tg/runs/LR0.0005-k3000-linear_2Stage/16.09.24_shuffle-True_stage2-adult_entire_ood-using-airline_ts30932-bs32-epoch5-pretrain-stage1-for-epoch5_wl0.65/adult/DP/GPT2/entire/ts30932-bs32-epoch10-mbs32-eps1-clip1/eval.txt,16858,2.1052575553997794,2.953882320774347,3.253293766272447,1.0654249377210578
/workspace/llm_tg/runs/LR0.0005-k3000-linear_2Stage/16.09.24_shuffle-True_stage2-airline_entire_ood-using-adult_ts30932-bs32-epoch5-pretrain-stage1-for-epoch5_wl0.65/airline/DP/GPT2/entire/ts103904-bs32-epoch10-mbs32-eps1-clip1/eval.txt,24976,1.9415652307307776,2.0670499356190946,3.974768934100096,1.0212106364642188
/workspace/llm_tg/runs/LR0.0005-k3000-linear_2Stage/16.09.24_shuffle-False_stage2-adult_entire_uniform-using-adult-uniform_ts30932-bs32-epoch5-pretrain-stage1-for-epoch5_wl0.65/adult/DP/GPT2/entire/ts30932-bs32-epoch10-mbs32-eps1-clip1/eval.txt,16858,1.4097326703707531,1.000079957246717,2.92667185133154,1.000699353482272
/workspace/llm_tg/runs/LR0.0005-k3000-linear_2Stage/16.09.24_shuffle-False_stage2-adult_entire_uniform-using-adult-uniform_ts30932-bs32-epoch5-pretrain-stage1-for-epoch5_wl0.65/adult/DP/GPT2/entire/ts30932-bs32-epoch10-mbs32-eps8-clip1/eval.txt,16858,1.3942454645332674,1.000072642052008,2.8272769263812614,1.0006871359032838
/workspace/llm_tg/runs/LR0.0001-linear_2Stage/16.09.24_shuffle-True_stage2-adult_entire_uniform-using-adult-uniform_ts30932-bs32-epoch5-pretrain-stage1-for-epoch5_wl0.65/adult/DP/GPT2/entire/ts30932-bs32-epoch10-mbs32-eps1-clip1/eval.txt,16858,1.8513206787652576,2.188105134638543,3.1101378156325707,1.0118468042908049
/workspace/llm_tg/runs/LR0.0001-linear_2Stage/16.09.24_shuffle-True_stage2-airline_entire_uniform-using-airline-uniform_ts30932-bs32-epoch5-pretrain-stage1-for-epoch5_wl0.65/airline/DP/GPT2/entire/ts103904-bs32-epoch10-mbs32-eps1-clip1/eval.txt,24976,1.7701074885083838,1.6861670869809624,4.356960050672285,1.0079473821870055
/workspace/llm_tg/runs/LR0.0001-linear_2Stage/16.09.24_shuffle-True_stage2-adult_entire_ood-using-airline_ts30932-bs32-epoch5-pretrain-stage1-for-epoch5_wl0.65/adult/DP/GPT2/entire/ts30932-bs32-epoch10-mbs32-eps1-clip1/eval.txt,16858,2.6805373731104525,3.355075428887777,5.554163092546726,1.1579206247993643
/workspace/llm_tg/runs/LR0.0001-linear_2Stage/16.09.24_shuffle-True_stage2-airline_entire_ood-using-adult_ts30932-bs32-epoch5-pretrain-stage1-for-epoch5_wl0.65/airline/DP/GPT2/entire/ts103904-bs32-epoch10-mbs32-eps1-clip1/eval.txt,24976,2.0508970351487807,2.137699051553964,4.47428875479507,1.072621153585203
/workspace/llm_tg/runs/LR0.0005-k5000-linear_2Stage/16.09.24_shuffle-True_stage1-airline_wl-1/adult/NonDP/GPT2/entire/ts30932-bs32-epoch5/eval.txt,16858,1.7011778599197056,2.189843426784829,2.389907121107412,1.010005111051914
/workspace/llm_tg/runs/LR0.0005-k5000-linear_2Stage/16.09.24_shuffle-True_stage1-airline_wl-1/airline-uniform/NonDP/GPT2/entire/ts30932-bs32-epoch5/eval.txt,24976,2.126419781127668,1.6810572126811787,6.659141751603074,1.453554540106475
/workspace/llm_tg/runs/LR0.0005-k5000-linear_2Stage/16.09.24_shuffle-True_stage2-adult_entire_uniform-using-adult-uniform_ts30932-bs32-epoch5-pretrain-stage1-for-epoch5_wl0.65/adult/DP/GPT2/entire/ts30932-bs32-epoch10-mbs32-eps1-clip1/eval.txt,16858,1.826927768859826,2.194760850479616,2.977260365349858,1.011043796840568
/workspace/llm_tg/runs/LR0.0005-k5000-linear_2Stage/16.09.24_shuffle-False_stage2-airline_entire_ood-using-adult_ts30932-bs32-epoch5-pretrain-stage1-for-epoch5_wl0.65/airline/DP/GPT2/entire/ts103904-bs32-epoch10-mbs32-eps1-clip1/eval.txt,24976,1.303674656287871,1.000034099938825,3.736318655849635,1.007287536253784
/workspace/llm_tg/runs/LR0.0005-k5000-linear_2Stage/16.09.24_shuffle-False_stage2-airline_entire_ood-using-adult_ts30932-bs32-epoch5-pretrain-stage1-for-epoch5_wl0.65/airline/DP/GPT2/entire/ts103904-bs32-epoch10-mbs32-eps8-clip1/eval.txt,24976,1.2937942464716157,1.0000115177071427,3.5997687351304988,1.0066917788347254
/workspace/llm_tg/runs/LR0.0005-k5000-linear_2Stage/16.09.24_shuffle-False_stage1-airline_wl-1/adult/NonDP/GPT2/entire/ts30932-bs32-epoch5/eval.txt,16858,1.3189033590114827,1.000052560898192,2.37719891538238,1.0002882577317171
/workspace/llm_tg/runs/LR0.0005-k5000-linear_2Stage/16.09.24_shuffle-False_stage1-airline_wl-1/airline-uniform/NonDP/GPT2/entire/ts30932-bs32-epoch5/eval.txt,24976,1.5365436915667998,1.0016280134628694,6.659460879535664,1.20068511439691
/workspace/llm_tg/runs/LR0.0005-k5000-linear_2Stage/16.09.24_shuffle-True_stage1-adult_wl-1/adult-uniform/NonDP/GPT2/entire/ts30932-bs32-epoch5/eval.txt,16858,2.4738432781847086,2.18979656886876,7.358064472450255,1.0530689448747084
/workspace/llm_tg/runs/LR0.0005-k5000-linear_2Stage/16.09.24_shuffle-True_stage1-adult_wl-1/airline/NonDP/GPT2/entire/ts30932-bs32-epoch5/eval.txt,24976,1.657809705797058,1.680971344487288,3.184584982167179,1.0030556659923977
/workspace/llm_tg/runs/LR0.0005-k5000-linear_2Stage/16.09.24_shuffle-True_stage2-airline_entire_uniform-using-airline-uniform_ts30932-bs32-epoch5-pretrain-stage1-for-epoch5_wl0.65/airline/DP/GPT2/entire/ts103904-bs32-epoch10-mbs32-eps1-clip1/eval.txt,24976,1.7439751318019656,1.695597765534678,3.992724383017009,1.0065576377470324
/workspace/llm_tg/runs/LR0.0005-k5000-linear_2Stage/16.09.24_shuffle-False_stage2-adult_entire_ood-using-airline_ts30932-bs32-epoch5-pretrain-stage1-for-epoch5_wl0.65/adult/DP/GPT2/entire/ts30932-bs32-epoch10-mbs32-eps1-clip1/eval.txt,16858,1.435216269659432,1.0008787378956896,3.06645929519399,1.0083319400429471
/workspace/llm_tg/runs/LR0.0005-k5000-linear_2Stage/16.09.24_shuffle-False_stage2-adult_entire_ood-using-airline_ts30932-bs32-epoch5-pretrain-stage1-for-epoch5_wl0.65/adult/DP/GPT2/entire/ts30932-bs32-epoch10-mbs32-eps8-clip1/eval.txt,16858,1.39394017568197,1.0003067996510695,2.812350310268361,1.0045550606175406
/workspace/llm_tg/runs/LR0.0005-k5000-linear_2Stage/16.09.24_shuffle-False_stage2-airline_entire_uniform-using-airline-uniform_ts30932-bs32-epoch5-pretrain-stage1-for-epoch5_wl0.65/airline/DP/GPT2/entire/ts103904-bs32-epoch10-mbs32-eps1-clip1/eval.txt,24976,1.2959049772846991,1.00001369769793,3.6317636689893855,1.0061854766068217
/workspace/llm_tg/runs/LR0.0005-k5000-linear_2Stage/16.09.24_shuffle-False_stage2-airline_entire_uniform-using-airline-uniform_ts30932-bs32-epoch5-pretrain-stage1-for-epoch5_wl0.65/airline/DP/GPT2/entire/ts103904-bs32-epoch10-mbs32-eps8-clip1/eval.txt,24976,1.2872574086036594,1.0000064685823449,3.513065152612322,1.0059768814794323
/workspace/llm_tg/runs/LR0.0005-k5000-linear_2Stage/16.09.24_shuffle-False_stage1-adult_wl-1/adult-uniform/NonDP/GPT2/entire/ts30932-bs32-epoch5/eval.txt,16858,1.9183721334560144,1.000084434584185,7.317361939276627,1.0437762909982915
/workspace/llm_tg/runs/LR0.0005-k5000-linear_2Stage/16.09.24_shuffle-False_stage1-adult_wl-1/airline/NonDP/GPT2/entire/ts30932-bs32-epoch5/eval.txt,24976,1.2480603463927231,1.000000076504402,3.022325745712427,1.0027589883367711
/workspace/llm_tg/runs/LR0.0005-k5000-linear_2Stage/16.09.24_shuffle-True_stage2-adult_entire_ood-using-airline_ts30932-bs32-epoch5-pretrain-stage1-for-epoch5_wl0.65/adult/DP/GPT2/entire/ts30932-bs32-epoch10-mbs32-eps1-clip1/eval.txt,16858,2.109111025677608,2.981206106575736,3.2525608636741503,1.062406248117283
/workspace/llm_tg/runs/LR0.0005-k5000-linear_2Stage/16.09.24_shuffle-True_stage2-airline_entire_ood-using-adult_ts30932-bs32-epoch5-pretrain-stage1-for-epoch5_wl0.65/airline/DP/GPT2/entire/ts103904-bs32-epoch10-mbs32-eps1-clip1/eval.txt,24976,1.9446736947416432,2.061633403311514,3.993164203368989,1.028914098740192
/workspace/llm_tg/runs/LR0.0005-k5000-linear_2Stage/16.09.24_shuffle-False_stage2-adult_entire_uniform-using-adult-uniform_ts30932-bs32-epoch5-pretrain-stage1-for-epoch5_wl0.65/adult/DP/GPT2/entire/ts30932-bs32-epoch10-mbs32-eps1-clip1/eval.txt,16858,1.393194892054483,1.0000768926058752,2.820444678303169,1.000736751847192
/workspace/llm_tg/runs/LR0.0005-k5000-linear_2Stage/16.09.24_shuffle-False_stage2-adult_entire_uniform-using-adult-uniform_ts30932-bs32-epoch5-pretrain-stage1-for-epoch5_wl0.65/adult/DP/GPT2/entire/ts30932-bs32-epoch10-mbs32-eps8-clip1/eval.txt,16858,1.3772987854749223,1.0000720705569486,2.721036304702844,1.000712108150589
/workspace/llm_tg/runs/LR0.0001-linear_Standard/16.09.24_shuffle-True_wl-1/adult/NonDP/GPT2/entire/ts30932-bs32-epoch10/eval.txt,16858,1.7004712619347264,2.1898289385755643,2.387414272690483,1.0097532257549464
/workspace/llm_tg/runs/LR0.0001-linear_Standard/16.09.24_shuffle-True_wl-1/adult/DP/GPT2/entire/ts30932-bs32-epoch10-mbs32-eps1-clip1/eval.txt,16858,2.585696682418667,3.4241795728189977,4.823667871616445,1.1661034864543858
/workspace/llm_tg/runs/LR0.0001-linear_Standard/16.09.24_shuffle-True_wl-1/airline/NonDP/GPT2/entire/ts103904-bs32-epoch10/eval.txt,24976,1.6323745640952934,1.6796173714445488,2.954865984205953,1.0027312320473871
/workspace/llm_tg/runs/LR0.0001-linear_Standard/16.09.24_shuffle-True_wl-1/airline/DP/GPT2/entire/ts103904-bs32-epoch10-mbs32-eps1-clip1/eval.txt,24976,2.029571177681281,2.089607410158234,4.541747017885884,1.066905941174887
/workspace/llm_tg/runs/LR0.0001-linear_Standard/16.09.24_shuffle-True_wl-1/airline/DP/GPT2/entire/ts103904-bs32-epoch10-mbs32-eps8-clip1/eval.txt,24976,1.9753301095639573,2.037054590240687,4.326032626116986,1.0515738229606446
/workspace/llm_tg/runs/LR0.0005-k4000-linear_2Stage/16.09.24_shuffle-True_stage1-airline_wl-1/adult/NonDP/GPT2/entire/ts30932-bs32-epoch5/eval.txt,16858,1.7018671010082818,2.188828831270379,2.3933859898451577,1.0102231261469918
/workspace/llm_tg/runs/LR0.0005-k4000-linear_2Stage/16.09.24_shuffle-True_stage1-airline_wl-1/airline-uniform/NonDP/GPT2/entire/ts30932-bs32-epoch5/eval.txt,24976,2.1420893671309225,1.6813967205556404,6.700521243138337,1.4857332851914224
/workspace/llm_tg/runs/LR0.0005-k4000-linear_2Stage/16.09.24_shuffle-True_stage2-adult_entire_uniform-using-adult-uniform_ts30932-bs32-epoch5-pretrain-stage1-for-epoch5_wl0.65/adult/DP/GPT2/entire/ts30932-bs32-epoch10-mbs32-eps1-clip1/eval.txt,16858,1.824493664699529,2.194810561860116,2.963985272237172,1.0113465408533606
/workspace/llm_tg/runs/LR0.0005-k4000-linear_2Stage/16.09.24_shuffle-False_stage2-airline_entire_ood-using-adult_ts30932-bs32-epoch5-pretrain-stage1-for-epoch5_wl0.65/airline/DP/GPT2/entire/ts103904-bs32-epoch10-mbs32-eps1-clip1/eval.txt,24976,1.3033669028570334,1.000052802840166,3.730209151694357,1.0075847220865473
/workspace/llm_tg/runs/LR0.0005-k4000-linear_2Stage/16.09.24_shuffle-False_stage2-airline_entire_ood-using-adult_ts30932-bs32-epoch5-pretrain-stage1-for-epoch5_wl0.65/airline/DP/GPT2/entire/ts103904-bs32-epoch10-mbs32-eps8-clip1/eval.txt,24976,1.2946367832401735,1.0000178342641937,3.609568695276911,1.0070771332074686
/workspace/llm_tg/runs/LR0.0005-k4000-linear_2Stage/16.09.24_shuffle-False_stage1-airline_wl-1/adult/NonDP/GPT2/entire/ts30932-bs32-epoch5/eval.txt,16858,1.3188432609209952,1.000054989994483,2.376813402449588,1.0003035048199391
/workspace/llm_tg/runs/LR0.0005-k4000-linear_2Stage/16.09.24_shuffle-False_stage1-airline_wl-1/airline-uniform/NonDP/GPT2/entire/ts30932-bs32-epoch5/eval.txt,24976,1.5469917802734583,1.011059315599664,6.66162531973001,1.208505899928956
/workspace/llm_tg/runs/LR0.0005-k4000-linear_2Stage/16.09.24_shuffle-True_stage1-adult_wl-1/adult-uniform/NonDP/GPT2/entire/ts30932-bs32-epoch5/eval.txt,16858,2.511405429076237,2.1893125161054763,7.363533777826802,1.097246694482632
/workspace/llm_tg/runs/LR0.0005-k4000-linear_2Stage/16.09.24_shuffle-True_stage1-adult_wl-1/airline/NonDP/GPT2/entire/ts30932-bs32-epoch5/eval.txt,24976,1.6583863808535917,1.6809045166179006,3.1908972989166355,1.0029587189460447
/workspace/llm_tg/runs/LR0.0005-k4000-linear_2Stage/16.09.24_shuffle-True_stage2-airline_entire_uniform-using-airline-uniform_ts30932-bs32-epoch5-pretrain-stage1-for-epoch5_wl0.65/airline/DP/GPT2/entire/ts103904-bs32-epoch10-mbs32-eps1-clip1/eval.txt,24976,1.7406226759557937,1.694310073844873,3.956637635898506,1.0076183403400654
/workspace/llm_tg/runs/LR0.0005-k4000-linear_2Stage/16.09.24_shuffle-False_stage2-adult_entire_ood-using-airline_ts30932-bs32-epoch5-pretrain-stage1-for-epoch5_wl0.65/adult/DP/GPT2/entire/ts30932-bs32-epoch10-mbs32-eps1-clip1/eval.txt,16858,1.4393705026212067,1.0003134244561078,3.097238556403839,1.0079949813189562
/workspace/llm_tg/runs/LR0.0005-k4000-linear_2Stage/16.09.24_shuffle-False_stage2-adult_entire_ood-using-airline_ts30932-bs32-epoch5-pretrain-stage1-for-epoch5_wl0.65/adult/DP/GPT2/entire/ts30932-bs32-epoch10-mbs32-eps8-clip1/eval.txt,16858,1.3972655542032286,1.0001387212126145,2.834447718164805,1.0043760188266355
/workspace/llm_tg/runs/LR0.0005-k4000-linear_2Stage/16.09.24_shuffle-False_stage2-airline_entire_uniform-using-airline-uniform_ts30932-bs32-epoch5-pretrain-stage1-for-epoch5_wl0.65/airline/DP/GPT2/entire/ts103904-bs32-epoch10-mbs32-eps1-clip1/eval.txt,24976,1.296070594620096,1.000035714039034,3.632675121972689,1.006428267149474
/workspace/llm_tg/runs/LR0.0005-k4000-linear_2Stage/16.09.24_shuffle-False_stage2-airline_entire_uniform-using-airline-uniform_ts30932-bs32-epoch5-pretrain-stage1-for-epoch5_wl0.65/airline/DP/GPT2/entire/ts103904-bs32-epoch10-mbs32-eps8-clip1/eval.txt,24976,1.288402063101566,1.000014230049893,3.528866350405689,1.0059355027549215
/workspace/llm_tg/runs/LR0.0005-k4000-linear_2Stage/16.09.24_shuffle-False_stage1-adult_wl-1/adult-uniform/NonDP/GPT2/entire/ts30932-bs32-epoch5/eval.txt,16858,1.896727406407228,1.000084223490855,7.382271430846282,1.0037525694225775
/workspace/llm_tg/runs/LR0.0005-k4000-linear_2Stage/16.09.24_shuffle-False_stage1-adult_wl-1/airline/NonDP/GPT2/entire/ts30932-bs32-epoch5/eval.txt,24976,1.2493331788958844,1.0000001239351457,3.0380408475317258,1.002699527323091
/workspace/llm_tg/runs/LR0.0005-k4000-linear_2Stage/16.09.24_shuffle-True_stage2-adult_entire_ood-using-airline_ts30932-bs32-epoch5-pretrain-stage1-for-epoch5_wl0.65/adult/DP/GPT2/entire/ts30932-bs32-epoch10-mbs32-eps1-clip1/eval.txt,16858,2.1252506311952337,2.9637315888666014,3.324494617973793,1.0698447774957371
/workspace/llm_tg/runs/LR0.0005-k4000-linear_2Stage/16.09.24_shuffle-True_stage2-airline_entire_ood-using-adult_ts30932-bs32-epoch5-pretrain-stage1-for-epoch5_wl0.65/airline/DP/GPT2/entire/ts103904-bs32-epoch10-mbs32-eps1-clip1/eval.txt,24976,1.9424660217399887,2.0591077413730425,3.985189759155782,1.0285705120055522
/workspace/llm_tg/runs/LR0.0005-k4000-linear_2Stage/16.09.24_shuffle-False_stage2-adult_entire_uniform-using-adult-uniform_ts30932-bs32-epoch5-pretrain-stage1-for-epoch5_wl0.65/adult/DP/GPT2/entire/ts30932-bs32-epoch10-mbs32-eps1-clip1/eval.txt,16858,1.404939347084159,1.0000796286164229,2.896217667048677,1.0005237013730297
/workspace/llm_tg/runs/LR0.0005-k4000-linear_2Stage/16.09.24_shuffle-False_stage2-adult_entire_uniform-using-adult-uniform_ts30932-bs32-epoch5-pretrain-stage1-for-epoch5_wl0.65/adult/DP/GPT2/entire/ts30932-bs32-epoch10-mbs32-eps8-clip1/eval.txt,16858,1.3884791931840594,1.0000693503351716,2.791265560970321,1.0005564530613569
/workspace/llm_tg/runs/LR0.0005-k2000-linear_Standard/16.09.24_shuffle-True_wl-1/adult/DP/GPT2/entire/ts30932-bs32-epoch10-mbs32-eps1-clip1/eval.txt,16858,2.182886822981751,3.112521957021785,3.475590852091545,1.0608786106605357
/workspace/llm_tg/runs/LR0.0005-k2000-linear_Standard/16.09.24_shuffle-True_wl-1/airline/DP/GPT2/entire/ts103904-bs32-epoch10-mbs32-eps1-clip1/eval.txt,24976,1.9534301858599592,2.017521515993061,4.300207788260308,1.0330026206844922
/workspace/llm_tg/runs/LR0.0005-k2000-linear_Standard/16.09.24_shuffle-False_wl0.65/adult/DP/GPT2/entire/ts30932-bs32-epoch10-mbs32-eps1-clip1/eval.txt,16858,1.4568801493095007,1.0012750175396246,3.1691566434402723,1.0204532005434137
/workspace/llm_tg/runs/LR0.0005-k2000-linear_Standard/16.09.24_shuffle-False_wl0.65/airline/DP/GPT2/entire/ts103904-bs32-epoch10-mbs32-eps1-clip1/eval.txt,24976,1.3085030380209144,1.000132073361557,3.7891420113793393,1.0103888269976329
/workspace/llm_tg/runs/LR0.0005-k5000-linear_Standard/16.09.24_shuffle-True_wl-1/adult/DP/GPT2/entire/ts30932-bs32-epoch10-mbs32-eps1-clip1/eval.txt,16858,2.181281593479821,3.069916059256654,3.4729522041964658,1.0723301691226717
/workspace/llm_tg/runs/LR0.0005-k5000-linear_Standard/16.09.24_shuffle-True_wl-1/airline/DP/GPT2/entire/ts103904-bs32-epoch10-mbs32-eps1-clip1/eval.txt,24976,1.9544395758109248,2.0218135987790347,4.301110102412552,1.0305774974330828
/workspace/llm_tg/runs/LR0.0005-k5000-linear_Standard/16.09.24_shuffle-False_wl0.65/adult/DP/GPT2/entire/ts30932-bs32-epoch10-mbs32-eps1-clip1/eval.txt,16858,1.4575537245406145,1.0006145323661992,3.1872097007475984,1.0172399752418178
/workspace/llm_tg/runs/LR0.0005-k5000-linear_Standard/16.09.24_shuffle-False_wl0.65/airline/DP/GPT2/entire/ts103904-bs32-epoch10-mbs32-eps1-clip1/eval.txt,24976,1.3082392927567204,1.0001199957799087,3.782572302935834,1.0109468177602583
/workspace/llm_tg/runs/LR0.0005-k1000-linear_Standard/16.09.24_shuffle-True_wl-1/adult/DP/GPT2/entire/ts30932-bs32-epoch10-mbs32-eps1-clip1/eval.txt,16858,2.19787914695868,3.099042350018471,3.5375095619959174,1.0685038262280209
/workspace/llm_tg/runs/LR0.0005-k1000-linear_Standard/16.09.24_shuffle-True_wl-1/airline/DP/GPT2/entire/ts103904-bs32-epoch10-mbs32-eps1-clip1/eval.txt,24976,1.946067219218664,2.0091691984276743,4.276020715029793,1.031245075997446
/workspace/llm_tg/runs/LR0.0005-k1000-linear_Standard/16.09.24_shuffle-False_wl0.65/adult/DP/GPT2/entire/ts30932-bs32-epoch10-mbs32-eps1-clip1/eval.txt,16858,1.458933679618283,1.0012004917806188,3.2001426010080625,1.0157425435011278
/workspace/llm_tg/runs/LR0.0005-k1000-linear_Standard/16.09.24_shuffle-False_wl0.65/airline/DP/GPT2/entire/ts103904-bs32-epoch10-mbs32-eps1-clip1/eval.txt,24976,1.306136498531868,1.0000963930759068,3.7636510282968327,1.0087539589482473
/workspace/llm_tg/runs/LR0.0005-k3000-linear_Standard/16.09.24_shuffle-True_wl-1/adult/DP/GPT2/entire/ts30932-bs32-epoch10-mbs32-eps1-clip1/eval.txt,16858,2.205136792925222,3.137759937247937,3.530884899002819,1.0683071764275542
/workspace/llm_tg/runs/LR0.0005-k3000-linear_Standard/16.09.24_shuffle-True_wl-1/airline/DP/GPT2/entire/ts103904-bs32-epoch10-mbs32-eps1-clip1/eval.txt,24976,1.9585470261612647,2.025615386550084,4.324347636048358,1.0307079444397496
/workspace/llm_tg/runs/LR0.0005-k3000-linear_Standard/16.09.24_shuffle-False_wl0.65/adult/DP/GPT2/entire/ts30932-bs32-epoch10-mbs32-eps1-clip1/eval.txt,16858,1.4614239668353113,1.0009110181082248,3.1912457502346143,1.0233021782735334
/workspace/llm_tg/runs/LR0.0005-k3000-linear_Standard/16.09.24_shuffle-False_wl0.65/airline/DP/GPT2/entire/ts103904-bs32-epoch10-mbs32-eps1-clip1/eval.txt,24976,1.3069968884981369,1.0001373595620409,3.770356867346375,1.0097909151085298
/workspace/llm_tg/runs/LR0.0005-k2000-linear_2Stage/16.09.24_shuffle-False_stage2-airline_entire_uniform-using-airline-uniform_ts30932-bs32-epoch5-pretrain-stage1-for-epoch5_wl-1/airline/DP/GPT2/entire/ts103904-bs32-epoch10-mbs32-eps1-clip1/eval.txt,24976,1.2989131367435742,1.0000027740881985,3.685119854362712,1.0040291461460733
/workspace/llm_tg/runs/LR0.0005-k2000-linear_2Stage/16.09.24_shuffle-False_stage2-adult_entire_uniform-using-adult-uniform_ts30932-bs32-epoch5-pretrain-stage1-for-epoch5_wl-1/adult/DP/GPT2/entire/ts30932-bs32-epoch10-mbs32-eps1-clip1/eval.txt,16858,1.403909795040128,1.0000789061147732,2.889372781030402,1.000587618322027
/workspace/llm_tg/runs/LR0.0005-k2000-linear_2Stage/16.09.24_shuffle-False_stage2-adult_entire_ood-using-airline_ts30932-bs32-epoch5-pretrain-stage1-for-epoch5_wl-1/adult/DP/GPT2/entire/ts30932-bs32-epoch10-mbs32-eps1-clip1/eval.txt,16858,1.4334718163831377,1.000157006738551,3.0709519078850667,1.004292572626189
/workspace/llm_tg/runs/LR0.0005-k2000-linear_2Stage/16.09.24_shuffle-False_stage2-airline_entire_ood-using-adult_ts30932-bs32-epoch5-pretrain-stage1-for-epoch5_wl-1/airline/DP/GPT2/entire/ts103904-bs32-epoch10-mbs32-eps1-clip1/eval.txt,24976,1.3079071523170869,1.0000080362392545,3.8076594208997134,1.0053723500777954
/workspace/llm_tg/runs/LR0.0005-k1000-linear_2Stage/16.09.24_shuffle-False_stage2-airline_entire_uniform-using-airline-uniform_ts30932-bs32-epoch5-pretrain-stage1-for-epoch5_wl-1/airline/DP/GPT2/entire/ts103904-bs32-epoch10-mbs32-eps1-clip1/eval.txt,24976,1.298512814419534,1.0000079882557484,3.682555232153198,1.003399006166195
/workspace/llm_tg/runs/LR0.0005-k1000-linear_2Stage/16.09.24_shuffle-False_stage2-adult_entire_uniform-using-adult-uniform_ts30932-bs32-epoch5-pretrain-stage1-for-epoch5_wl-1/adult/DP/GPT2/entire/ts30932-bs32-epoch10-mbs32-eps1-clip1/eval.txt,16858,1.4046215862680436,1.000074549490078,2.894205178549204,1.0005167602838725
/workspace/llm_tg/runs/LR0.0005-k1000-linear_2Stage/16.09.24_shuffle-True_stage2-adult_entire_uniform-using-adult-uniform_ts30932-bs32-epoch5-pretrain-stage1-for-epoch5_wl0.65/adult/DP/GPT2/entire/ts30932-bs32-epoch10-mbs32-eps1-clip1/eval.txt,16858,1.8249987616929737,2.192779461141169,2.9688875991725623,1.0114371905124582
/workspace/llm_tg/runs/LR0.0005-k1000-linear_2Stage/16.09.24_shuffle-True_stage1-adult_wl-1/adult-uniform/NonDP/GPT2/entire/ts30932-bs32-epoch5/eval.txt,16858,2.488797221144772,2.189990141619073,7.341725553554698,1.0726946153507768
/workspace/llm_tg/runs/LR0.0005-k1000-linear_2Stage/16.09.24_shuffle-False_stage2-adult_entire_ood-using-airline_ts30932-bs32-epoch5-pretrain-stage1-for-epoch5_wl-1/adult/DP/GPT2/entire/ts30932-bs32-epoch10-mbs32-eps1-clip1/eval.txt,16858,1.4341508104827747,1.0002864639256743,3.0756776835726387,1.0041294496391415
/workspace/llm_tg/runs/LR0.0005-k1000-linear_2Stage/16.09.24_shuffle-False_stage2-airline_entire_ood-using-adult_ts30932-bs32-epoch5-pretrain-stage1-for-epoch5_wl-1/airline/DP/GPT2/entire/ts103904-bs32-epoch10-mbs32-eps1-clip1/eval.txt,24976,1.3045843559061503,1.0000063530816887,3.759341853658513,1.0053979912231703
/workspace/llm_tg/runs/LR0.0005-k4000-linear_Standard/16.09.24_shuffle-True_wl-1/adult/DP/GPT2/entire/ts30932-bs32-epoch10-mbs32-eps1-clip1/eval.txt,16858,2.196636665178662,3.0686852081794003,3.5317845074026795,1.0776724733118852
/workspace/llm_tg/runs/LR0.0005-k4000-linear_Standard/16.09.24_shuffle-True_wl-1/airline/DP/GPT2/entire/ts103904-bs32-epoch10-mbs32-eps1-clip1/eval.txt,24976,1.9643796608867623,2.041988423094824,4.302720383129516,1.0297193080124636
/workspace/llm_tg/runs/LR0.0005-k4000-linear_Standard/16.09.24_shuffle-False_wl0.65/adult/DP/GPT2/entire/ts30932-bs32-epoch10-mbs32-eps1-clip1/eval.txt,16858,1.4624829696950783,1.000991010958602,3.197926549289731,1.0233890882607908
/workspace/llm_tg/runs/LR0.0005-k4000-linear_Standard/16.09.24_shuffle-False_wl0.65/airline/DP/GPT2/entire/ts103904-bs32-epoch10-mbs32-eps1-clip1/eval.txt,24976,1.3083724065035656,1.000142398270771,3.7796014712566346,1.0118581333553047
/workspace/llm_tg/runs/LR0.0005-k3000-linear_2Stage/16.09.24_shuffle-False_stage2-airline_entire_uniform-using-airline-uniform_ts30932-bs32-epoch5-pretrain-stage1-for-epoch5_wl-1/airline/DP/GPT2/entire/ts103904-bs32-epoch10-mbs32-eps1-clip1/eval.txt,24976,1.2996990453120605,1.0000014183474204,3.697832244156474,1.003728593511556
/workspace/llm_tg/runs/LR0.0005-k3000-linear_2Stage/16.09.24_shuffle-False_stage2-adult_entire_uniform-using-adult-uniform_ts30932-bs32-epoch5-pretrain-stage1-for-epoch5_wl-1/adult/DP/GPT2/entire/ts30932-bs32-epoch10-mbs32-eps1-clip1/eval.txt,16858,1.4098885063410025,1.0000786948188671,2.9282576209175883,1.0005276712422528
/workspace/llm_tg/runs/LR0.0005-k3000-linear_2Stage/16.09.24_shuffle-False_stage2-adult_entire_ood-using-airline_ts30932-bs32-epoch5-pretrain-stage1-for-epoch5_wl-1/adult/DP/GPT2/entire/ts30932-bs32-epoch10-mbs32-eps1-clip1/eval.txt,16858,1.4337979412593642,1.000197179029292,3.0726121904339507,1.0044091502369554
/workspace/llm_tg/runs/LR0.0005-k3000-linear_2Stage/16.09.24_shuffle-False_stage2-airline_entire_ood-using-adult_ts30932-bs32-epoch5-pretrain-stage1-for-epoch5_wl-1/airline/DP/GPT2/entire/ts103904-bs32-epoch10-mbs32-eps1-clip1/eval.txt,24976,1.3040197901577883,1.000004828945584,3.755423046619684,1.004576829107506
/workspace/llm_tg/runs/LR0.0005-k5000-linear_2Stage/16.09.24_shuffle-False_stage2-airline_entire_uniform-using-airline-uniform_ts30932-bs32-epoch5-pretrain-stage1-for-epoch5_wl-1/airline/DP/GPT2/entire/ts103904-bs32-epoch10-mbs32-eps1-clip1/eval.txt,24976,1.301374985252235,1.000002476084656,3.721630566978829,1.0037550782419833
/workspace/llm_tg/runs/LR0.0005-k5000-linear_2Stage/16.09.24_shuffle-False_stage2-adult_entire_uniform-using-adult-uniform_ts30932-bs32-epoch5-pretrain-stage1-for-epoch5_wl-1/adult/DP/GPT2/entire/ts30932-bs32-epoch10-mbs32-eps1-clip1/eval.txt,16858,1.393499893091532,1.0000761467485997,2.822920030484877,1.0005679284555602
/workspace/llm_tg/runs/LR0.0005-k5000-linear_2Stage/16.09.24_shuffle-False_stage2-adult_entire_ood-using-airline_ts30932-bs32-epoch5-pretrain-stage1-for-epoch5_wl-1/adult/DP/GPT2/entire/ts30932-bs32-epoch10-mbs32-eps1-clip1/eval.txt,16858,1.4372187469781992,1.000428883567832,3.094524874134404,1.004516439841446
/workspace/llm_tg/runs/LR0.0005-k5000-linear_2Stage/16.09.24_shuffle-False_stage2-airline_entire_ood-using-adult_ts30932-bs32-epoch5-pretrain-stage1-for-epoch5_wl-1/airline/DP/GPT2/entire/ts103904-bs32-epoch10-mbs32-eps1-clip1/eval.txt,24976,1.3046466037005036,1.0000025011262903,3.76350297269452,1.0047701241416371
/workspace/llm_tg/runs/LR0.0005-k4000-linear_2Stage/16.09.24_shuffle-False_stage2-airline_entire_uniform-using-airline-uniform_ts30932-bs32-epoch5-pretrain-stage1-for-epoch5_wl-1/airline/DP/GPT2/entire/ts103904-bs32-epoch10-mbs32-eps1-clip1/eval.txt,24976,1.2985785264705665,1.0000065124148168,3.680547378549299,1.0039861976668911
/workspace/llm_tg/runs/LR0.0005-k4000-linear_2Stage/16.09.24_shuffle-False_stage2-adult_entire_uniform-using-adult-uniform_ts30932-bs32-epoch5-pretrain-stage1-for-epoch5_wl-1/adult/DP/GPT2/entire/ts30932-bs32-epoch10-mbs32-eps1-clip1/eval.txt,16858,1.4049599474992234,1.0000787011057892,2.896735942747404,1.0004070984267242
/workspace/llm_tg/runs/LR0.0005-k4000-linear_2Stage/16.09.24_shuffle-False_stage2-adult_entire_ood-using-airline_ts30932-bs32-epoch5-pretrain-stage1-for-epoch5_wl-1/adult/DP/GPT2/entire/ts30932-bs32-epoch10-mbs32-eps1-clip1/eval.txt,16858,1.4421877438409336,1.0001577417841367,3.1310264151064287,1.0039366382944253
/workspace/llm_tg/runs/LR0.0005-k4000-linear_2Stage/16.09.24_shuffle-False_stage2-airline_entire_ood-using-adult_ts30932-bs32-epoch5-pretrain-stage1-for-epoch5_wl-1/airline/DP/GPT2/entire/ts103904-bs32-epoch10-mbs32-eps1-clip1/eval.txt,24976,1.304263599405626,1.0000039869148518,3.7567600609683343,1.005003686436288
